employee_id,employee_name,department,recent_daily_assigned,recent_daily_completed,current_backlog,recent_daily_hours,recent_daily_urgent,recent_complexity,recent_daily_rest,planned_7d_tasks,urgent_7d_tasks,avg_planned_complexity,expected_7d_tasks,expected_7d_hours,workload_pressure_score,pressure_level,suggested_additional_rest_hours_7d,recommendation
E001,Ayesha Rahman,IT Automation,8.642857142857142,6.785714285714286,50,10.757142857142856,1.0714285714285714,2.9285714285714284,4.821428571428571,72,13,3.216666666666667,79.3,102.2,92.1,High,10.0,"Critical load risk: pause new assignments, redistribute urgent work, and plan about 10.0 extra rest hours."
E006,Hasan Mahmud,IT Support,4.571428571428571,3.2142857142857144,45,9.521428571428572,1.2857142857142858,3.007142857142857,6.764285714285714,58,14,3.1333333333333333,57.6,80.6,76.9,High,6.6,High load: assign backup support and plan about 6.6 extra rest hours.
E007,Mim Chowdhury,HR,7.571428571428571,6.928571428571429,43,10.221428571428572,1.0,3.207142857142857,6.171428571428572,33,7,3.0500000000000003,52.8,80.1,74.1,High,6.1,High load: assign backup support and plan about 6.1 extra rest hours.
E008,Sajid Karim,Procurement,8.214285714285714,6.785714285714286,34,10.964285714285714,1.1428571428571428,2.7142857142857144,5.364285714285714,26,4,3.1166666666666667,48.7,77.1,64.6,Medium,4.2,Medium load: monitor deadlines and avoid adding urgent tasks without removing lower-priority work.
E003,Rafi Ahmed,Finance,5.214285714285714,3.357142857142857,53,9.25,0.6428571428571429,2.6714285714285713,6.492857142857143,25,6,3.1166666666666667,43.4,66.7,61.3,Medium,2.0,Medium load: monitor deadlines and avoid adding urgent tasks without removing lower-priority work.
E004,Nabila Islam,Operations,5.785714285714286,4.785714285714286,15,9.985714285714286,1.0,2.9857142857142853,6.385714285714286,41,6,3.1,44.5,71.4,57.6,Medium,2.6,Medium load: monitor deadlines and avoid adding urgent tasks without removing lower-priority work.
E005,Tasnima Akter,Admin,7.571428571428571,7.357142857142857,7,10.314285714285715,0.8571428571428571,3.042857142857143,5.778571428571429,30,2,2.6999999999999997,42.1,70.8,41.6,Low,2.5,Normal load: continue current plan.
E002,Mahin Khan,IT Automation,4.642857142857143,4.571428571428571,16,9.442857142857141,1.3571428571428572,2.9071428571428575,6.707142857142857,14,4,3.1666666666666665,26.3,54.4,26.9,Low,0.0,Normal load: continue current plan.
